{"output":"5;United_Kingdom;Europe;56;male;4;married","identifier":"5","workspace":"\/Users\/vitor\/Desktop\/listCustomers","invocation":"spark.flatMap.call(String)","dataflow":"example","sets":[{"tag":"iListCustomers","element":["5,United_Kingdom,Europe,56,male,4,married"]},{"tag":"oListCustomers","element":["5;United_Kingdom;Europe;56;male;4;married"]}],"resource":"local","files":[{"path":"\/Users\/vitor\/Documents\/Repository\/Thesis\/DataflowAnalyzer\/Spark-Dataflow-Example\/file","name":"input.txt"}],"transformation":"listCustomers","error":"","status":"FINISHED"}