{"output":"1;Latvia;Europe;90;female;2;single","identifier":"1","workspace":"\/Users\/vitor\/Desktop\/listCustomers","invocation":"spark.flatMap.call(String)","dataflow":"example","sets":[{"tag":"iListCustomers","element":["1,Latvia,Europe,90,female,2,single"]},{"tag":"oListCustomers","element":["1;Latvia;Europe;90;female;2;single"]}],"resource":"local","files":[{"path":"\/Users\/vitor\/Documents\/Repository\/Thesis\/DataflowAnalyzer\/Spark-Dataflow-Example\/file","name":"input.txt"}],"transformation":"listCustomers","error":"","status":"FINISHED"}