{"output":"3;United_Arab_Emirates;Asia;84;male;2;single","identifier":"3","workspace":"\/Users\/vitor\/Desktop\/listCustomers","invocation":"spark.flatMap.call(String)","dataflow":"example","sets":[{"tag":"iListCustomers","element":["3,United_Arab_Emirates,Asia,84,male,2,single"]},{"tag":"oListCustomers","element":["3;United_Arab_Emirates;Asia;84;male;2;single"]}],"resource":"local","files":[{"path":"\/Users\/vitor\/Documents\/Repository\/Thesis\/DataflowAnalyzer\/Spark-Dataflow-Example\/file","name":"input.txt"}],"transformation":"listCustomers","error":"","status":"FINISHED"}